-- MySQL Script generated by MySQL Workbench
-- Wed Aug  4 17:18:53 2021
-- Model: New Model    Version: 1.0
-- MySQL Workbench Forward Engineering

SET @OLD_UNIQUE_CHECKS=@@UNIQUE_CHECKS, UNIQUE_CHECKS=0;
SET @OLD_FOREIGN_KEY_CHECKS=@@FOREIGN_KEY_CHECKS, FOREIGN_KEY_CHECKS=0;
SET @OLD_SQL_MODE=@@SQL_MODE, SQL_MODE='ONLY_FULL_GROUP_BY,STRICT_TRANS_TABLES,NO_ZERO_IN_DATE,NO_ZERO_DATE,ERROR_FOR_DIVISION_BY_ZERO,NO_ENGINE_SUBSTITUTION';
CREATE DATABASE IF NOT EXISTS `Proyecto_BD2409`;
USE `Proyecto_BD2409`;
-- -----------------------------------------------------
-- Table `Proyecto_BD2409`.`Areas`
-- -----------------------------------------------------
DROP TABLE IF EXISTS `Proyecto_BD2409`.`Areas` ;

CREATE TABLE IF NOT EXISTS `Proyecto_BD2409`.`Areas` (
  `idAreas` INT NOT NULL AUTO_INCREMENT,
  `Nombre` VARCHAR(45) NOT NULL,
  PRIMARY KEY (`idAreas`))
ENGINE = InnoDB;

-- Insert en la tabla Areas
INSERT INTO Areas VALUES ('1', 'Ingenieria y tecnologia'),
('2', 'Ciencias naturales y exactas'),
('3', 'Ciencias de la salud'),
('4', 'Ciencias sociales y administrativas'),
('5', 'Educacion y humanidades');

select * from areas;
-- -----------------------------------------------------
-- Table `Proyecto_BD2409`.`Artículo`
-- -----------------------------------------------------
DROP TABLE IF EXISTS `Proyecto_BD2409`.`Artículo` ;

CREATE TABLE IF NOT EXISTS `Proyecto_BD2409`.`Artículo` (
  `idArtículo` INT NOT NULL AUTO_INCREMENT,
  `Título` VARCHAR(45) NOT NULL,
  `Keywords` VARCHAR(45) NOT NULL,
  `Email` VARCHAR(45) NULL,
  `Publicación` VARCHAR(45) NOT NULL,
  `idCopia` INT NULL,
  PRIMARY KEY (`idArtículo`),
  INDEX `fk_Artículo_Copia2_idx` (`idCopia` ASC) VISIBLE)
ENGINE = InnoDB;


-- -----------------------------------------------------
-- Table `Proyecto_BD2409`.`Artículo_Autor`
-- -----------------------------------------------------
DROP TABLE IF EXISTS `Proyecto_BD2409`.`Artículo_Autor` ;

CREATE TABLE IF NOT EXISTS `Proyecto_BD2409`.`Artículo_Autor` (
  `idArtículo` INT NOT NULL,
  `idAutor` INT NOT NULL,
  PRIMARY KEY (`idArtículo`, `idAutor`),
  INDEX `fk_Artículo_has_Autor_Autor1_idx` (`idAutor` ASC) VISIBLE,
  INDEX `fk_Artículo_has_Autor_Artículo1_idx` (`idArtículo` ASC) VISIBLE)
ENGINE = InnoDB;


-- -----------------------------------------------------
-- Table `Proyecto_BD2409`.`Autor`
-- -----------------------------------------------------
DROP TABLE IF EXISTS `Proyecto_BD2409`.`Autor` ;

CREATE TABLE IF NOT EXISTS `Proyecto_BD2409`.`Autor` (
  `idAutor` INT NOT NULL AUTO_INCREMENT,
  `Nombre` VARCHAR(45) NOT NULL,
  `ap_paterno` VARCHAR(45) NOT NULL,
  `ap_materno` VARCHAR(45) NOT NULL,
  `RFC` VARCHAR(12) NOT NULL,
  `Email` VARCHAR(45) NULL,
  `Nivel` INT NULL,
  `Grado` VARCHAR(45) NOT NULL,
  `Tema_esp` VARCHAR(45) NOT NULL,
  `idAreas` INT NOT NULL,
  `idInstitucion` INT NOT NULL,
  PRIMARY KEY (`idAutor`),
  UNIQUE INDEX `RFC_UNIQUE` (`RFC` ASC) VISIBLE,
  UNIQUE INDEX `Email_UNIQUE` (`Email` ASC) VISIBLE,
  INDEX `fk_Autor_Areas1_idx` (`idAreas` ASC) VISIBLE,
  INDEX `fk_Autor_Institucion1_idx` (`idInstitucion` ASC) VISIBLE,
  CONSTRAINT `fk_Autor_Areas1`
    FOREIGN KEY (`idAreas`)
    REFERENCES `Proyecto_BD2409`.`Areas` (`idAreas`)
    ON DELETE NO ACTION
    ON UPDATE NO ACTION,
  CONSTRAINT `fk_Autor_Institucion1`
    FOREIGN KEY (`idInstitucion`)
    REFERENCES `Proyecto_BD2409`.`Institucion` (`idInstitucion`)
    ON DELETE NO ACTION
    ON UPDATE NO ACTION)
ENGINE = InnoDB;


-- -----------------------------------------------------
-- Table `Proyecto_BD2409`.`Congreso`
-- -----------------------------------------------------
DROP TABLE IF EXISTS `Proyecto_BD2409`.`Congreso` ;
-- Error Code: 3730. Cannot drop table 'congreso' referenced by a foreign key constraint 'fk_Congreso_has_Artículo_Congreso1' on table 'congreso_artículo'.

CREATE TABLE IF NOT EXISTS `Proyecto_BD2409`.`Congreso` (
  `idCongreso` INT NOT NULL AUTO_INCREMENT,
  `Nombre` VARCHAR(45) NOT NULL,
  `Edicion` INT NOT NULL,
  `Ciudad` VARCHAR(45) NOT NULL,
  `Fecha_inicio` DATE NOT NULL,
  `Fecha_final` DATE NOT NULL,
  `TipoCongreso` VARCHAR(45) NOT NULL,
  `Frecuencia` VARCHAR(20) NOT NULL,
  `Costos` VARCHAR(45) NOT NULL,
  `idPais` INT NOT NULL,
  PRIMARY KEY (`idCongreso`),
  INDEX `fk_Congreso_Pais1_idx` (`idPais` ASC) VISIBLE,
  CONSTRAINT `fk_Congreso_Pais1`
    FOREIGN KEY (`idPais`)
    REFERENCES `Proyecto_BD2409`.`Pais` (`idPais`)
    ON DELETE NO ACTION
    ON UPDATE NO ACTION)
ENGINE = InnoDB;

INSERT INTO congreso VALUES 
('1','Congreso Internacional de Salud y Bienestar','20','Paris','2018-09-02','2018-09-03','Internacional','Anual','2500','2'),
('2','Congreso de Divulgacion de la Ciencia','22','Guanajuato','2012-02-15','2012-02-18','Nacional','Trimestral','2800','1'),
('3', 'Congreso Nacional de Ciencias del Suelo','37','Zacatecas','2013-08-11','2013-08-12','Nacional','Anual','680','1'),
('4', 'Congreso Internacional de Medicina','6','Lima','2021-04-27','2021-04-30','Internacional','Anual','3900','3'),
('5', 'Congreso de Tecnologia y Negocios ','3','Santiago','2017-06-12','2017-07-12','Internacional','Bianual','1500','4'),
('6', 'Congreso de Minerales ','78','Florencia','2019-11-12','2019-11-14','Internacional','Semestral','7800','13'),
('7', 'Congreso de Doctores - Cardiovascular','5','Yunnan','2009-01-02','2009-01-03','Internacional','Bianual','900','10'),
('8', 'Congreso Nacional de Ingenieria','17','Ciudad de Mexico','2017-05-22','2017-05-25','Nacional','Trimestral','789','1'),
('9', 'Congreso de Nanotecnologia y Ciencias A.','50','Tokio','2019-01-07','2019-01-09','Internacional','Anual','2600','15'),
('10', 'Congreso de Karlsruhe','17','Munich','2020-07-02','2020-07-04','Internacional','Semestral','1290','12');
select * from congreso;
-- -----------------------------------------------------
-- Table `Proyecto_BD2409`.`Congreso_Artículo`
-- -----------------------------------------------------
DROP TABLE IF EXISTS `Proyecto_BD2409`.`Congreso_Artículo` ;

CREATE TABLE IF NOT EXISTS `Proyecto_BD2409`.`Congreso_Artículo` (
  `idCongreso` INT NOT NULL,
  `idArtículo` INT NOT NULL,
  PRIMARY KEY (`idCongreso`, `idArtículo`),
  INDEX `fk_Congreso_has_Artículo_Artículo1_idx` (`idArtículo` ASC) VISIBLE,
  INDEX `fk_Congreso_has_Artículo_Congreso1_idx` (`idCongreso` ASC) VISIBLE,
  CONSTRAINT `fk_Congreso_has_Artículo_Congreso1`
    FOREIGN KEY (`idCongreso`)
    REFERENCES `Proyecto_BD2409`.`Congreso` (`idCongreso`)
    ON DELETE NO ACTION
    ON UPDATE NO ACTION,
  CONSTRAINT `fk_Congreso_has_Artículo_Artículo1`
    FOREIGN KEY (`idArtículo`)
    REFERENCES `Proyecto_BD2409`.`Artículo` (`idArtículo`)
    ON DELETE NO ACTION
    ON UPDATE NO ACTION)
ENGINE = InnoDB;


-- -----------------------------------------------------
-- Table `Proyecto_BD2409`.`Copia`
-- -----------------------------------------------------
DROP TABLE IF EXISTS `Proyecto_BD2409`.`Copia` ;

CREATE TABLE IF NOT EXISTS `Proyecto_BD2409`.`Copia` (
  `idCopia` INT NOT NULL AUTO_INCREMENT,
  `idInvestigadores` INT NULL,
  `Lab_campus_idLab_campus` INT NULL,
  PRIMARY KEY (`idCopia`),
  INDEX `fk_Copia_Investigadores1_idx` (`idInvestigadores` ASC) VISIBLE,
  INDEX `fk_Copia_Lab_campus1_idx` (`Lab_campus_idLab_campus` ASC) VISIBLE,
  CONSTRAINT `fk_Copia_Investigadores1`
    FOREIGN KEY (`idInvestigadores`)
    REFERENCES `Proyecto_BD2409`.`Investigadores` (`idInvestigadores`)
    ON DELETE NO ACTION
    ON UPDATE NO ACTION,
  CONSTRAINT `fk_Copia_Lab_campus1`
    FOREIGN KEY (`Lab_campus_idLab_campus`)
    REFERENCES `Proyecto_BD2409`.`Lab_campus` (`idLab_campus`)
    ON DELETE NO ACTION
    ON UPDATE NO ACTION)
ENGINE = InnoDB;


-- -----------------------------------------------------
-- Table `Proyecto_BD2409`.`GruposInvestigacion`
-- -----------------------------------------------------
DROP TABLE IF EXISTS `Proyecto_BD2409`.`GruposInvestigacion` ;

CREATE TABLE IF NOT EXISTS `Proyecto_BD2409`.`GruposInvestigacion` (
  `idGruposInvestigacion` INT NOT NULL AUTO_INCREMENT,
  `Nombre` VARCHAR(45) NOT NULL,
  `idAreas` INT NOT NULL,
  PRIMARY KEY (`idGruposInvestigacion`),
  INDEX `fk_GruposInvestigacion_Areas1_idx` (`idAreas` ASC) VISIBLE,
  CONSTRAINT `fk_GruposInvestigacion_Areas1`
    FOREIGN KEY (`idAreas`)
    REFERENCES `Proyecto_BD2409`.`Areas` (`idAreas`)
    ON DELETE NO ACTION
    ON UPDATE NO ACTION)
ENGINE = InnoDB;

-- Insert  en la tabla GruposInvestigacion 
INSERT INTO GruposInvestigacion VALUES ('11', 'Mateatletas', '1'),
('12', 'Biolocos', '2'),
('13', 'Grupo por naturaleza', '2'),
('15', 'Ingeniebrios', '1'),
('16', 'ICOlogos', '1'),
('18', 'ADP', '2'),
('19', 'Ribonucleicos', '2'),
('20', 'Boinas azules', '1');

-- -----------------------------------------------------
-- Table `Proyecto_BD2409`.`InformeTécnico`
-- -----------------------------------------------------
DROP TABLE IF EXISTS `Proyecto_BD2409`.`InformeTécnico` ;

CREATE TABLE IF NOT EXISTS `Proyecto_BD2409`.`InformeTécnico` (
  `idInforme` INT NOT NULL AUTO_INCREMENT,
  `Numero_informe` VARCHAR(45) NOT NULL,
  `CentroPublicación` VARCHAR(45) NOT NULL,
  `Fecha` DATE NOT NULL,
  `Costos` VARCHAR(45) NOT NULL,
  `idArtículo` INT NOT NULL,
  PRIMARY KEY (`idInforme`),
  INDEX `fk_InformeTécnico_Artículo1_idx` (`idArtículo` ASC) VISIBLE,
  CONSTRAINT `fk_InformeTécnico_Artículo1`
    FOREIGN KEY (`idArtículo`)
    REFERENCES `Proyecto_BD2409`.`Artículo` (`idArtículo`)
    ON DELETE NO ACTION
    ON UPDATE NO ACTION)
ENGINE = InnoDB;


-- -----------------------------------------------------
-- Table `Proyecto_BD2409`.`Institucion`
-- -----------------------------------------------------
DROP TABLE IF EXISTS `Proyecto_BD2409`.`Institucion` ;

CREATE TABLE IF NOT EXISTS `Proyecto_BD2409`.`Institucion` (
  `idInstitucion` INT NOT NULL AUTO_INCREMENT,
  `Nombre` VARCHAR(45) NOT NULL,
  PRIMARY KEY (`idInstitucion`))
ENGINE = InnoDB;
-- Error Code: 3730. Cannot drop table 'institucion' referenced by a foreign key constraint 'fk_Autor_Institucion1' on table 'autor'.

-- Insert en la tabla Institucion
INSERT INTO Institucion VALUES ('411', 'FES Aragon'), 
('303', 'FES Iztacala'),
('91', 'Bristol University'),
('102', 'FES Cuatitlan'),
('5', 'Facultad de Quimica'),
('11', 'Facultad Ingenieria'),
('17', 'Facultad de ciencias de la tierra'),
('66', 'Instituto de biotecnologia'),
('92', 'centro de nanociencias y nanotecnologia'),
('95', 'CFATA'),
('1066', 'ENES Juriquilla'),
('123', 'ESIME Ticoman'),
('658', 'UANL'),
('345', 'UAEH'),
('254', 'UV'),
('456', 'ESIA Zacatenco'),
('678', 'UPIICSA'),
('23', 'BUAP'),
('523', 'Massachusetts Institute of Technology'),
('485', 'UABC'),
('85', 'UACM'),
('963', 'UAQ'),
('13', 'UACJ'),
('431', 'TESE'),
('3512', 'Harvard University'),
('3258', 'University for Oxford'),
('12', 'Instituto de Fisica'),
('623', 'Instituto de biologia'),
('8000', 'IIMAS'),
('6325', 'Wellcome Trust Sanger Institute'),
('131', 'Instituto Suizo de bioinformatica'),
('4210', 'Instituto Gustave Roussy'),
('1230', 'Instituto Broad'),
('106', 'Laboratorio Europeo de Biologia Molecular'),
('845', 'UCL');
-- Error Code: 1062. Duplicate entry '12' for key 'institucion.PRIMARY'
SELECT * FROM Institucion;
-- -----------------------------------------------------
-- Table `Proyecto_BD2409`.`Investigadores`
-- -----------------------------------------------------
DROP TABLE IF EXISTS `Proyecto_BD2409`.`Investigadores` ;

CREATE TABLE IF NOT EXISTS `Proyecto_BD2409`.`Investigadores` (
  `idInvestigadores` INT NOT NULL AUTO_INCREMENT,
  `Nombre` VARCHAR(45) NOT NULL,
  `ap_paterno` VARCHAR(45) NOT NULL,
  `ap_materno` VARCHAR(45) NOT NULL,
  `Sexo` VARCHAR(1) NOT NULL,
  `Curp` VARCHAR(18) NOT NULL,
  `idGruposInvestigacion` INT NOT NULL,
  `idInstitucion` INT NOT NULL,
  PRIMARY KEY (`idInvestigadores`),
  INDEX `fk_Investigadores_GruposInvestigacion1_idx` (`idGruposInvestigacion` ASC) VISIBLE,
  INDEX `fk_Investigadores_Institucion1_idx` (`idInstitucion` ASC) VISIBLE,
  CONSTRAINT `fk_Investigadores_GruposInvestigacion1`
    FOREIGN KEY (`idGruposInvestigacion`)
    REFERENCES `Proyecto_BD2409`.`GruposInvestigacion` (`idGruposInvestigacion`)
    ON DELETE NO ACTION
    ON UPDATE NO ACTION,
  CONSTRAINT `fk_Investigadores_Institucion1`
    FOREIGN KEY (`idInstitucion`)
    REFERENCES `Proyecto_BD2409`.`Institucion` (`idInstitucion`)
    ON DELETE NO ACTION
    ON UPDATE NO ACTION)
ENGINE = InnoDB;

-- Insert en la tabla Investigadores
INSERT INTO Investigadores VALUES ('856234', 'Rogelio', 'Lara', 'Escamilla', 'm', 'LAER021215BDKJRFR1', '12', '5'),
('421598', 'Osvaldo', 'Contreras', 'Lanuza', 'm', 'COLO980621HCRLDEO3', '11', '11'),
('632548', 'Alejandro', 'Martinez', 'Guerra', 'm', 'MAGA325284MLCRNSA2', '20', '23'),
('963254', 'Rebeca', 'Romero', 'Perez', 'f', 'ROPR001026MKDFRCR4', '16', '678'),
('192845', 'Melissa', 'Duran', 'Trejo', 'f', 'DUTM950318NBFRBKM5', '18', '66'),
('542387', 'Sara', 'Lancaster', 'Trujillo', 'f', 'LATS910321NFMRODS2', '15', '3512'),
('878932', 'Sofia', 'Delgadilo', 'Villada', 'f', 'DEVS031105NJSDCES3', '11', '11'),
('893423', 'Eduardo', 'Martinez', 'Cruz', 'm', 'MACE010903HNOMEDE7', '13', '411'),
('752365', 'Rodrigo', 'Mendizabal', 'Cortez', 'm', 'MECR010423WENMSXA2', '13', '411'),
('932581', 'Luis', 'Romo', 'Alvarado', 'm', 'ROAL891031MLDRNXL2', '20', '23'),
('621521', 'Liliana', 'Diaz', 'Gaona', 'f', 'DIGL011007UNJDVRL2', '12', '5'),
('123542', 'Adriana', 'Rodriguez', 'Del Rio', 'f', 'RODA001231PMUNBHA3', '11', '11'),
('318526', 'Aldo', 'Guerra', 'Ruiz', 'm', 'GURA010924UHTRCRA1', '16', '678'),
('862321', 'Teresa', 'Mendoza', 'Rios', 'f', 'MERT011217IMPLDRT4', '13', '411'),
('710265', 'Ariok', 'Juarez', 'Leon', 'm', 'JULA010623PLWEDVA2', '20', '23'),
('235121', 'Julio', 'Cortez', 'Villanueva', 'm', 'COVJ011123IMDRFGJ2', '20', '23'),
('362154', 'William', 'Thompson', 'Hernandez', 'm', 'THHW850925JMNCRFW3', '15', '3512'),
('966664', 'Alexander', 'Orozco', 'Reyes', 'm', 'ORRA011024TYHBCRA1', '18', '66'),
('562141', 'Teresa', 'Sanchez', 'Moreno', 'f', 'SAMT890321JNYUGCA1', '17', '303'),
('123456', 'Paulina', 'Reyes', 'Sanchez', 'f', 'RESP010331INHTRCP3', '16', '678'),
('265326', 'Juan', 'Trejo', 'Jhonson', 'm' , 'TRJJ991028LMNYHJJ8', '15', '3512'),
('564842', 'Oscar', 'Cordero', 'Hernandez', 'm', 'COHO651023JMOKDRW3', '13', '411'),
('863290', 'Pedro', 'Lopez', 'Castro', 'm', 'LOCP010805EMJRCRL1', '11', '11'),
('542112', 'Karla', 'Lara', 'Gaytan', 'f', 'LAGK011111PLMIJNK2', '18', '66'),
('514785', 'Alex', 'Parker', 'Esposito', 'm', 'PAEA961030KMILCRA2', '15', '3512'),
('523641', 'Alfredo', 'Gomez', 'Torres', 'm', 'GOTA011215IMJYHGA2', '16', '678'),
('621522', 'Dulce', 'Garcia', 'Juarez', 'f', 'GAJD011021YUNCRAD1', '12', '5'),
('852316', 'Brandon', 'Garcia', 'Flowers', 'm', 'GAFB8711231LMIRDB5', '15' ,'3512'),
('989403', 'Ixchel', 'Triste', 'Enojada', 'f', 'TREI030511DRGVRCI3', '13', '411');
-- Error Code: 1452. Cannot add or update a child row: a foreign key constraint fails (`proyecto_bd2409`.`investigadores`, CONSTRAINT `fk_Investigadores_GruposInvestigacion1` FOREIGN KEY (`idGruposInvestigacion`) REFERENCES `gruposinvestigacion` (`idGruposInvestigacion`))
-- Error Code: 1452. Cannot add or update a child row: a foreign key constraint fails (`proyecto_bd2409`.`investigadores`, CONSTRAINT `fk_Investigadores_Institucion1` FOREIGN KEY (`idInstitucion`) REFERENCES `institucion` (`idInstitucion`))
-- Error Code: 1452. Cannot add or update a child row: a foreign key constraint fails 
-- (`proyecto_bd2409`.`investigadores`, CONSTRAINT `fk_Investigadores_Institucion1` 
-- FOREIGN KEY (`idInstitucion`) REFERENCES `institucion` (`idInstitucion`))
-- Error Code: 1452. Cannot add or update a child row: a foreign key constraint fails (`proyecto_bd2409`.`investigadores`, CONSTRAINT `fk_Investigadores_Institucion1` FOREIGN KEY (`idInstitucion`) REFERENCES `institucion` (`idInstitucion`))
-- Error Code: 1452. Cannot add or update a child row: a foreign key constraint fails (`proyecto_bd2409`.`investigadores`, CONSTRAINT `fk_Investigadores_Institucion1` FOREIGN KEY (`idInstitucion`) REFERENCES `institucion` (`idInstitucion`))

DELETE FROM Investigadores WHERE idInstitucion >= '5';
SELECT * FROM Investigadores;
-- -----------------------------------------------------
-- Table `Proyecto_BD2409`.`Lab_campus`
-- -----------------------------------------------------
DROP TABLE IF EXISTS `Proyecto_BD2409`.`Lab_campus` ;

CREATE TABLE IF NOT EXISTS `Proyecto_BD2409`.`Lab_campus` (
  `idLab_campus` INT NOT NULL AUTO_INCREMENT,
  `Nombre` VARCHAR(45) NOT NULL,
  `idInstitucion` INT NOT NULL,
  PRIMARY KEY (`idLab_campus`),
  INDEX `fk_Lab_campus_Institucion1_idx` (`idInstitucion` ASC) VISIBLE,
  CONSTRAINT `fk_Lab_campus_Institucion1`
    FOREIGN KEY (`idInstitucion`)
    REFERENCES `Proyecto_BD2409`.`Institucion` (`idInstitucion`)
    ON DELETE NO ACTION
    ON UPDATE NO ACTION)
ENGINE = InnoDB;


-- -----------------------------------------------------
-- Table `Proyecto_BD2409`.`Pais`
-- -----------------------------------------------------
DROP TABLE IF EXISTS `Proyecto_BD2409`.`Pais` ;

CREATE TABLE IF NOT EXISTS `Proyecto_BD2409`.`Pais` (
  `idPais` INT NOT NULL AUTO_INCREMENT,
  `Pais` VARCHAR(45) NOT NULL,
  `Pais_ISO` VARCHAR(45) NOT NULL,
  PRIMARY KEY (`idPais`),
  UNIQUE INDEX `Pais_UNIQUE` (`Pais` ASC) VISIBLE,
  UNIQUE INDEX `Pais_ISO_UNIQUE` (`Pais_ISO` ASC) VISIBLE)
ENGINE = InnoDB;

insert into pais values
('1', 'Mexico','MEX'),
('2', 'Francia','FRA'),
('3', 'Peru', 'PER'),
('4', 'Chile', 'CHL'),
('5', 'Canada', 'CAN'),
('6', 'Australia', 'AUS'),
('7', 'Estados Unidos', 'USA'),
('8', 'Rusia', 'RUS'),
('9', 'Reino Unido', 'GBR'),
('10', 'China', 'CHN'),
('11', 'Ecuador', 'EC'),
('12', 'Alemania', 'DEU'),
('13', 'Italia', 'ITA'),
('14', 'Belgica', 'BEL'),
('15', 'Japon', 'JP');
-- -----------------------------------------------------
-- Table `Proyecto_BD2409`.`Revista`
-- -----------------------------------------------------
DROP TABLE IF EXISTS `Proyecto_BD2409`.`Revista` ;

CREATE TABLE IF NOT EXISTS `Proyecto_BD2409`.`Revista` (
  `idRevistaCientifica` INT NOT NULL AUTO_INCREMENT,
  `NombreRevista` VARCHAR(45) NOT NULL,
  `Editorial` VARCHAR(45) NOT NULL,
  `Editor` VARCHAR(45) NOT NULL,
  `Numero` INT NOT NULL,
  `Paginas` VARCHAR(45) NOT NULL,
  `Fecha_publicacion` VARCHAR(45) NOT NULL,
  `Fecha_inicio` VARCHAR(45) NOT NULL,
  `Frecuencia` VARCHAR(45) NOT NULL,
  `idTemasRevista` INT NOT NULL,
  PRIMARY KEY (`idRevistaCientifica`),
  INDEX `fk_Revista_TemasRevista1_idx` (`idTemasRevista` ASC) VISIBLE,
  CONSTRAINT `fk_Revista_TemasRevista1`
    FOREIGN KEY (`idTemasRevista`)
    REFERENCES `Proyecto_BD2409`.`TemasRevista` (`idTemasRevista`)
    ON DELETE NO ACTION
    ON UPDATE NO ACTION)
ENGINE = InnoDB;


-- -----------------------------------------------------
-- Table `Proyecto_BD2409`.`Revista_Artículo`
-- -----------------------------------------------------
DROP TABLE IF EXISTS `Proyecto_BD2409`.`Revista_Artículo` ;

CREATE TABLE IF NOT EXISTS `Proyecto_BD2409`.`Revista_Artículo` (
  `idRevistaCientifica` INT NOT NULL,
  `idArtículo` INT NOT NULL,
  PRIMARY KEY (`idRevistaCientifica`, `idArtículo`),
  INDEX `fk_Revista_has_Artículo_Artículo1_idx` (`idArtículo` ASC) VISIBLE,
  INDEX `fk_Revista_has_Artículo_Revista1_idx` (`idRevistaCientifica` ASC) VISIBLE,
  CONSTRAINT `fk_Revista_has_Artículo_Revista1`
    FOREIGN KEY (`idRevistaCientifica`)
    REFERENCES `Proyecto_BD2409`.`Revista` (`idRevistaCientifica`)
    ON DELETE NO ACTION
    ON UPDATE NO ACTION,
  CONSTRAINT `fk_Revista_has_Artículo_Artículo1`
    FOREIGN KEY (`idArtículo`)
    REFERENCES `Proyecto_BD2409`.`Artículo` (`idArtículo`)
    ON DELETE NO ACTION
    ON UPDATE NO ACTION)
ENGINE = InnoDB;


-- -----------------------------------------------------
-- Table `Proyecto_BD2409`.`TemasRevista`
-- -----------------------------------------------------
DROP TABLE IF EXISTS `Proyecto_BD2409`.`TemasRevista` ;

CREATE TABLE IF NOT EXISTS `Proyecto_BD2409`.`TemasRevista` (
  `idTemasRevista` INT NOT NULL AUTO_INCREMENT,
  `Nombre` VARCHAR(45) NOT NULL,
  PRIMARY KEY (`idTemasRevista`))
ENGINE = InnoDB;


SET SQL_MODE=@OLD_SQL_MODE;
SET FOREIGN_KEY_CHECKS=@OLD_FOREIGN_KEY_CHECKS;
SET UNIQUE_CHECKS=@OLD_UNIQUE_CHECKS;
